post_id,custom_permalink
28273,live-music-in-charleston-sc-this-week
28628,blackstreet-no-diggity-meaning
28683,train-drops-of-jupiter-tell-me-meaning
28970,2022/06/folly-beach-boat
28997,2022/06/folly-beach-sunset
29020,2022/07/things-to-do-in-folly-beach
29065,bee-gees-stayin-alive-meaning
29145,don-henley-boys-of-summer-meaning
29159,2022/07/seals-and-crofts-summer-breeze-meaning
29173,jimmy-buffett-come-monday-meaning
29198,2022/07/led-zeppelin-going-to-california-meaning
29216,sugar-ray-every-morning-meaning
29228,eagles-life-in-the-fast-lane-meaning
29276,manfred-manns-earth-band-blinded-by-the-light-meaning
29319,fleetwood-mac-dreams-meaning
29332,neil-young-long-may-you-run-meaning
29345,2022/07/rebelution-fade-away-meaning
29355,2022/07/semisonic-closing-time-meaning
29364,tlc-no-scrubs-meaning
29443,2022/07/folly-beach-pizza
29528,best-jimmy-buffett-songs
29572,2022/08/creedence-clearwater-revival-proud-mary-meaning
29590,steve-miller-band-the-joker-meaning
29601,extra-chill-fest-2022-charleston-pour-house
29668,black-sabbath-war-pigs-meaning
29675,radiohead-creep-meaning
29697,blink-182-all-the-small-things-meaning
29708,blue-oyster-cult-dont-fear-the-reaper-meaning
29721,creedence-clearwater-revival-fortunate-son-meaning
29746,steely-dan-kid-charlemagne-meaning
29761,grateful-dead-tennessee-jed-meaning
29805,rupert-holmes-escape-the-pina-colada-song-meaning
29836,dan-auerbach-charleston-the-royal-american
29850,blink-182-i-miss-you-meaning
29865,led-zeppelin-immigrant-song-meaning
29874,hiss-golden-messenger-live-album-charleston-pour-house
29943,the-knack-my-sharona-meaning
29956,kelis-milkshake-meaning
29995,musical-youth-pass-the-dutchie-meaning
24563,grateful-dead-sugaree-meaning
30006,2022/09/brave-baby-share-two-new-songs-in-advance-of-music-farm-show-with-2-slices
30328,chris-stapleton-broken-halos-meaning
30379,2022/09/dawning-worlds-worst-tour-review-photos
30408,norman-greenbaum-spirit-in-the-sky-meaning
30421,the-head-and-the-heart-rivers-and-roads-meaning
30435,green-day-wake-me-up-when-september-ends-meaning
30536,utah-phillips-rock-salt-and-nails-meaning
30557,mark-morrison-return-of-the-mack-meaning
26373,cotton-eye-joe-meaning
30572,elton-john-rocket-man-meaning
30608,village-people-ymca-meaning
30632,weezer-buddy-holly-meaning
30868,kansas-dust-in-the-wind-meaning
26382,la-bamba-meaning
30881,grateful-dead-wharf-rat-meaning
30886,len-steal-my-sunshine-meaning
30950,fastest-rap-songs-ever
31021,acl-fest-2022-weekend-2-photos-recap
31159,ozzy-osbourne-bat
28076,led-zeppelin-stairway-to-heaven-meaning
31218,johnny-cash-ring-of-fire-meaning
25209,chicago-25-or-6-to-4-meaning
26953,tyler-childers-follow-you-to-virgie-meaning
24882,mama-say-mama-sa-mama-coosa-meaning
24153,prince-cloud-guitar-history
31206,spotify-stats
31362,save-a-horse-ride-a-cowboy-meaning
31375,trying-to-find-a-song-but-only-know-a-few-words
14073,how-to-build-a-fanbase-in-music
20155,do-plants-like-music
31411,band-rehearsal-space
28113,blink-182-adams-song-meaning
24686,third-eye-blind-semi-charmed-life-meaning
24556,dont-go-chasing-waterfalls-meaning
27607,hakuna-matata-meaning
22375,red-hot-chili-peppers-logo-meaning
26298,foster-the-people-pumped-up-kicks-meaning
24648,nirvana-lithium-meaning
27753,oldest-song-on-spotify
21600,led-zeppelin-icarus-meaning
27771,longest-song-on-spotify
21545,led-zeppelin-symbols-meaning
24817,nirvana-come-as-you-are-meaning
31485,george-michael-careless-whisper-meaning
21431,grateful-dead-keyboardists
24650,hootie-the-blowfish-let-her-cry-meaning
24933,grateful-dead-ripple-meaning
31529,van-morrison-days-like-this-meaning
26150,puff-the-magic-dragon-meaning
25038,tyler-childers-feathered-indians-meaning
31541,paul-mccartney-wings-let-me-roll-it-meaning
31558,tip-jar-ideas-for-musicians
31564,freestyle-rap-lyrics
31601,easy-like-sunday-morning-meaning
26397,john-lennon-walk
31646,jerry-garcia-quotes
31660,how-to-get-spotify-presale-code
21482,pink-floyd-dark-side-of-the-moon-album-cover-prism-meaning
27390,tommy-james-and-the-shondells-crimson-and-clover-meaning
26388,willie-nelson-ray-charles-seven-spanish-angels-meaning
27637,def-leppard-pour-some-sugar-on-me-meaning
27031,little-feat-willin-meaning
25288,flooding-in-charleston-sc
28133,cage-the-elephant-cigarette-daydreams-meaning
27354,red-hot-chili-peppers-scar-tissue-meaning
26895,red-hot-chili-peppers-californication-meaning
24800,oasis-wonderwall-meaning
25056,neil-young-harvest-moon-meaning
31841,bruce-springsteen-born-in-the-usa-meaning
31890,grateful-dead-althea-meaning
25061,grateful-dead-lithuania-basketball
20314,dancing-grateful-dead-bears-meaning
26273,tyler-childers-lady-may-meaning
25192,what-rhymes-with-orange-eminem
20375,grateful-dead-steal-your-face-logo-meaning
25166,the-killers-mr-brightside-meaning
25159,tyler-childers-universal-sound-meaning
26976,brooks-and-dunn-neon-moon-meaning
26084,grateful-dead-west-la-fadeaway-meaning
31971,smashing-pumpkins-today-meaning
31997,how-to-see-who-liked-your-playlist-on-spotify
32010,third-eye-blind-hows-it-gonna-be-meaning
27762,rick-roll-spotify-code
22662,tie-dye-history
26991,lil-wayne-teardrop-tattoo-meaning
32045,crossfade-spotify
32092,genie-in-a-bottle-meaning
26406,eminem-the-real-slim-shady-meaning
32179,best-grateful-dead-live-albums
32182,billy-strings-dust-in-a-baggie-meaning
27434,eminem-like-toy-soldiers-meaning
32231,steely-dan-do-it-again-meaning
32251,blink-182-down-meaning
32313,modest-mouse-float-on-meaning
26693,sublime-waiting-for-my-ruca-meaning
33403,grateful-dead-casey-jones-meaning
19857,how-to-get-into-the-grateful-dead
33459,best-red-hot-chili-peppers-songs
24658,jerry-garcia-ties
33486,steely-dan-deacon-blues-meaning
20952,grateful-dead-ice-cream-kid-meaning
20998,grateful-dead-closing-of-winterland-12-31-78-review
33537,grateful-dead-brokedown-palace-meaning
22786,best-bob-marley-songs
24640,bob-marley-no-woman-no-cry-meaning
20083,best-songs-about-sailing-and-the-sea
24867,fleetwood-mac-landslide-meaning
33620,best-blink-182-songs
33628,grateful-dead-meaning
20190,grateful-dead-10-12-84-review
33656,best-eagles-songs
28146,eagles-new-kid-in-town-meaning
33685,best-third-eye-blind-songs
26999,nitty-gritty-dirt-band-fishin-in-the-dark-meaning
28568,bonnie-tyler-total-eclipse-of-the-heart-meaning
26868,gwen-stefani-hollaback-girl-meaning
26069,van-morrison-into-the-mystic-meaning
24460,grateful-dead-album-covers
33737,fleetwood-mac-the-chain-meaning
21618,mopheads-thick-of-it
33498,2022/12/gotti-da-ghost-move-sumn-1
27489,bob-marley-kaya-meaning
24990,bob-marley-three-little-birds-meaning
20835,bb-king-lucille-guitar-history
25200,best-kid-cudi-songs
25155,kid-cudi-pursuit-of-happiness-meaning
24858,eminem-stan-meaning
27499,fleetwood-mac-rhiannon-meaning
22290,nirvana-smiley-face-logo-history
25191,jason-isbell-cover-me-up-meaning
26358,sturgill-simpson-turtles-all-the-way-down-meaning
24389,green-day-dookie-album-cover
33811,notorious-big-ready-to-die-album-cover
20471,biggie-smalls-freestyle
24402,john-lennon-rickenbacker-325-guitars
26044,bob-dylan-knockin-on-heavens-door-meaning
20925,bo-diddley-twang-machine-guitar-history
33835,michael-jackson-billie-jean-meaning
24586,bob-marley-stir-it-up-meaning
33968,best-south-carolina-music-2022
34107,grateful-dead-friend-of-the-devil-meaning
34137,fleetwood-mac-gypsy-meaning
20914,dark-star-an-oral-biography-of-jerry-garcia-review
21513,jimi-hendrix-woodstock
20666,the-story-of-jerry-garcias-missing-finger
27360,jimi-hendrix-little-wing-meaning
27326,jimi-hendrix-army
27468,jimi-hendrix-purple-haze-meaning
25520,the-beatles-happiness-is-a-warm-gun-meaning
34480,louis-armstrong-what-a-wonderful-world-meaning
35186,gxldapproved-south-carolina-hip-hop
14998,top-10-old-wiz-khalifa-songs
39239,rap-name-generator
39308,best-wings-in-charleston-sc
39297,how-do-record-labels-make-money
39443,grateful-dead-shakedown-street-meaning
22704,jerry-garcia-band-best-tangled-up-in-blue-live-7-26-80
42124,rihanna-umbrella-meaning
42106,band-name-generator
42182,cutting-crew-i-just-died-in-your-arms-meaning
42215,songs-for-drinking-dark-liquor-alone-playlist
26881,tyler-childers-shake-the-frost-meaning
42298,vote-chris-gardner-for-best-charlestonian-2023
42334,doom-flamingo-peaches-bobbi-release-party-album-review
42484,beck-loser-meaning
42648,extra-chill-on-apple-juice-for-2-podcast
42753,2023/03/ray-deezy-live-from-the-living-room-review
42769,grateful-dead-box-of-rain-meaning
42847,led-zeppelin-over-the-hills-far-away-meaning
42879,earth-wind-fire-boogie-wonderland-meaning
35336,extra-chill-presents-babe-club-leopard-and-the-diamond-sky-leone-the-ascension-at-the-royal-american.html
43084,songs-about-robots
43021,2023/03/babe-club-leone-the-ascension-leopard-and-the-diamond-sky-at-the-royal-american-photos-recap
57095,2023/03/jesse-shafer-where-the-fields-run-away-interview-review
57142,grateful-dead-eyes-of-the-world-meaning
19979,grateful-dead-3-29-90-review
57206,van-morrison-and-it-stoned-me-meaning
57289,butt-rock-bands
57252,frozen-drinks-in-spring-playlist
57310,weird-instruments
57269,songs-with-a-color-in-the-title
57328,best-jj-cale-songs
57448,songs-about-coffee
57471,the-police-roxanne-meaning
57478,songs-about-cats
57502,songs-about-cheese
43023,extra-chill-presents-stuarts-house-4-22-announce
57527,gilligans-island-theme-song
57638,tyler-childers-all-yourn-meaning
57652,jimmy-buffett-margaritaville-meaning
57752,high-water-festival-2023-review
57916,neil-young-old-man-meaning
57959,green-day-brain-stew-meaning
57973,bob-dylan-blowin-in-the-wind-meaning
57997,grateful-dead-standing-on-the-moon-meaning
58011,kacey-musgraves-butterflies-meaning
58016,the-band-ophelia-meaning
58064,how-to-get-a-song-out-of-your-head
58070,shwayze-slim-soul-poho-photos
58120,2023/04/crisis-actress-party-rock-ep-review
58128,spotify-pre-save
25251,charleston-sc-beaches
58138,charleston-sc-alligators
58144,pluff-mud
24654,band-of-horses-the-funeral-meaning
58169,parks-in-summerville-sc
58201,lake-moultrie-sc
24503,lou-dog-sublime
58213,how-deep-is-charleston-harbor
57950,2023/04/grace-mcnally-to-release-debut-album-full-circle
58246,south-carolina-boating-license
58254,south-carolina-state-dog-boykin-spaniel
58267,south-carolina-jellyfish
58282,legal-tint-in-sc
58286,2023/04/susto-announces-new-album-my-entire-life-shares-title-track-video
58319,south-carolina-open-container-law
58326,lemon-law-sc
58331,south-carolina-state-flower-carolina-jessamine
58344,lake-marion-sc
58422,what-is-she-crab-soup
58437,lalal-ai-vocal-remover-stem-splitter
58432,largest-employers-charleston-sc
58470,tyler-childers-whitehouse-road-meaning
58497,cultura-festival-2023-review
58491,2023/05/tyrie-all-love-feat-anfernee
58772,folly-beach-pronunciation
58777,grateful-dead-deal-meaning
58770,2023/05/charleston-underground-lofi-brewing-interview
58808,poison-every-rose-has-its-thorn-meaning
58819,brand-new-play-crack-the-sky-meaning
58821,is-dumpster-diving-illegal-in-sc
58837,2023/05/daddys-beemer-tangles-review
58848,unclaimed-money-sc
20071,grateful-dead-5-8-77-review
58958,extra-chill-fest-2023-announce
58972,ai-generated-jerry-garcia-images
59078,ai-generated-images-of-famous-rock-songs
59176,2023/05/mo-lowda-announce-beachtown-weekend-feat-brave-baby-and-illiterate-light
59201,ai-generated-bob-marley-images
59342,name-change-in-sc
59358,lizard-man-of-scape-ore-swamp
59480,2023/06/she-returns-from-war-mignonette
59499,mac-demarco-heart-to-heart-meaning
59524,toad-the-wet-sprocket-marcy-playground-charleston-music-hall-photos
59506,cage-the-elephant-aint-no-rest-for-the-wicked-meaning
59513,peach-festival-2023-preview
59497,2023/06/one-way-forward-festival-advocates-for-cannabis-legalization-in-south-carolina
59632,i-wear-my-sunglasses-at-night-meaning
24905,toto-africa-meaning
59650,2023/06/susto-hyperbolic-jesus
59656,what-does-it-mean-when-you-hear-a-song-in-your-dream
59668,my-morning-jacket-golden-meaning
59715,souls-of-mischief-93-til-infinity-meaning
59687,2023/06/my-morning-jacket-with-wilderado-at-firefly-distillery-photos-review
59837,south-carolina-left-lane-law
59849,ziggy-marley-love-is-my-religion-meaning
59864,2023/06/badfish-with-the-ries-brothers-feat-little-stranger-at-charleston-pour-house-photos
59954,2023/06/on-a-boat-with-easy-honey
59983,2023/06/human-resources-better
59989,grateful-dead-jack-straw-meaning
59980,2023/06/dizgo-makes-charleston-pour-house-debut-photos-recap
60066,2023/06/palm-palm-out-on-bail
60070,2023/06/john-paris-miami-moisturize-me
60255,peach-music-festival-2023-review
60427,2023/07/cordovas-high-roller
60277,2023/07/laylow-gee-bag-getter
60429,2023/07/easy-honey-release-new-ep-ooooo
60424,2023/07/cirque-du-so-lazer-lofi-brewing
60578,2023/07/melt-walk-to-midnight
60656,2023/07/susto-mermaid-vampire
60674,2023/07/seth-g-releases-rb-ep-love-drug.html
60681,jason-isbell-if-we-were-vampires-meaning
60705,spanish-moss-charleston-sc
60714,palmetto-bug-south-carolina
60711,james-island-county-park-charleston-sc
60591,2023/07/ver7e-ultra-ego-album-review
60761,charleston-single-house
60779,mt-joy-astrovan-meaning
60822,why-is-charleston-called-the-holy-city
60832,historic-charleston-street-names
60820,2023/07/tennis-courts-stench
60837,pimento-cheese-south-carolina
60850,how-to-get-rid-of-no-see-ums-in-the-house
60857,charleston-chew-history
60818,2023/07/naome-releases-new-ep-haunt-you-review
60814,2023/07/she-returns-from-war-amerosa
60854,grateful-dead-loser-meaning
25636,angel-oak-tree-charleston-sc
25797,monkey-island-sc
26584,morris-island-lighthouse
60913,tyler-childers-ever-lovin-hand-meaning
60921,mac-demarco-ode-to-viceroy-meaning
60940,the-foundations-build-me-up-buttercup-meaning
60754,2023/07/savethelegs-benefit-concert-at-charleston-pourhouse.html
60975,my-morning-jacket-one-big-holiday-meaning
61008,2023/07/sexbruise-who-the-fuck-are-you-video
61085,best-frozen-drinks-in-charleston
61006,susto-my-entire-life-live-session-at-magnolia-cemetery
61082,2023/08/nordista-freeze-extra-chill-fest-2023-interview
61105,2023/08/rain-cant-stop-the-vegabonds-sold-out-windjammer-show-photos
61442,2023/08/2-slices-figure-8-video
61584,garth-brooks-friends-in-low-places-meaning
61593,2023/08/invisible-low-end-power-hyperflex
61638,coldplay-yellow-meaning
61663,jack-johnson-better-together-meaning
61670,elton-john-tiny-dancer-meaning
61693,2023/08/premiere-stagbriar-call-back-in-the-morning-video
61729,why-is-columbia-sc-called-soda-city
61737,jimmy-buffett-a-pirate-looks-at-40-meaning
61753,dave-matthews-band-chicago-river-incident
61761,why-do-people-hate-nickelback
61773,what-is-a-wook
61897,extra-chill-fest-2023-photos-recap
61690,tauk-kanika-moore-interview-2023
62300,2023/09/sandcastle-spiraling
62305,2023/09/melt-harvest-moon-live-at-echo-mountain
61900,2023/09/rip-city-and-charlestons-comedic-revival-carmen-christopher-at-lofi-brewing
62339,2023/09/leopard-lee-enchanter
62351,why-does-music-sound-better-high
62362,how-to-sell-your-soul-to-the-music-industry
62385,blackbeard-charleston-sc
62213,2023/09/darby-wilcox-and-the-peep-show-release-new-ep-its-okay-interview
62286,2023/09/hirow-el-ivory-keys-one-spliff-and-three-minorities-album-review
62456,bob-dylan-shelter-from-the-storm-meaning
62425,2023/09/runaway-gin-new-rhythm-section-at-lofi-brewing-interview
62494,best-nickelback-songs
62501,nirvana-smells-like-teen-spirit-meaning
62555,2023/09/jerkweed-release-cover-of-taking-back-sundays-cute-without-the-e-cut-from-the-team-video
62563,citadel-knob
61332,grateful-dead-stella-blue-meaning
62571,go-back-to-ohio
62608,2023/09/charleston-hip-hop-comes-alive-on-labor-day-weekend-photos-recap
62646,2023/09/big-something-the-mountain
62655,bless-your-heart-meaning
62693,2023/09/invisible-low-end-power-the-force
62700,2023/09/the-inhibitors-email
62722,led-zeppelin-kashmir-meaning
62743,charleston-sc-mini-bottle-laws
62757,difference-between-yankee-and-damn-yankee
62769,led-zeppelin-heartbreaker-meaning
62738,2023/09/geaux-diego-rain-on-me-make-it-shake
62793,2023/09/a-tuesday-night-with-the-nude-party-at-charleston-pour-house-photos-recap
62733,2023/09/dj-dollamenu-3-nights-at-the-ritz-video
62753,2023/09/lo-indigo-consequences
63029,how-to-get-a-divorce-in-sc-without-waiting-a-year
63035,is-weed-legal-in-south-carolina
63068,grateful-dead-bird-song-meaning
63072,2023/09/wolf-mask-neversettle
63098,2023/09/to-forget-releases-double-single-cornered-in-a-retrospect
63124,mac-demarco-for-the-first-time-meaning
63144,red-hot-chili-peppers-soul-to-squeeze-meaning
63182,new-music-radar
63225,2023/09/daddys-beemer-new-driver-same-wild-ride-photos-review
63058,earth-wind-fire-september-meaning
63301,is-it-illegal-to-take-spanish-moss-in-sc
63308,south-carolina-moonshine-laws
63318,how-many-points-to-suspend-license-in-sc
63354,why-did-spotify-log-me-out
24497,annie-are-you-ok-meaning
63437,kings-of-leon-use-somebody-meaning
63454,sublime-pawn-shop-meaning
63470,are-shrooms-legal-in-sc
63482,souljia-boy-kiss-me-thru-the-phone-meaning
63489,parking-under-an-oak-tree
63497,is-charleston-sc-walkable
63506,bob-marley-assassination-attempt
26967,tame-impala-the-less-i-know-the-better-meaning
63531,history-of-extra-chill
63538,alanis-morissette-you-oughta-know-meaning
24701,grateful-dead-touch-of-grey-meaning
63720,2023/09/frankie-and-the-witch-fingers-tore-apart-chs-poho-again-photos-review
63888,elton-john-bennie-and-the-jets-meaning
63927,crosby-stills-nash-southern-cross-meaning
63956,steely-dan-hey-nineteen-meaning
63976,grateful-dead-if-i-had-the-world-to-give-meaning
64007,bob-marley-sun-is-shining-meaning
64024,snoop-dogg-gin-and-juice-meaning
26937,snoop-dogg-drop-it-like-its-hot-meaning
64073,sturgill-simpson-just-let-go-meaning
64112,sum-41-in-too-deep-meaning
63718,2023/10/dear-blanca-nothing-you-do-is-quiet-interview
64296,2023/10/gxldapproved-charleston-city-paper-music-awards
64317,is-it-illegal-to-drive-barefoot-in-sc
64326,is-listening-to-music-a-hobby
64258,david-stringer-scene-sc-interview-2023
64363,best-coffee-shops-charleston-sc
64383,fattys-extra-chill-pils-release-party-announce
28098,neil-young-heart-of-gold-meaning
26629,green-day-longview-meaning
64549,kid-cudi-soundtrack-2-my-life-meaning
64575,led-zeppelin-stairway-to-heaven-ai-art
64223,neighbor-interview-2023
64704,blink-182-carousel-meaning
64728,longest-grateful-dead-songs
64720,2023/10/cry-baby-tennis-courts-the-backfires-at-lofi-brewing-photos-review
64845,chamillionaire-ridin-dirty-meaning
64864,tyler-childers-bottles-and-bibles-meaning
64875,tyler-childers-jersey-giant-meaning
64898,2023/10/she-returns-from-war-announces-new-album-ruthless-drops-single-edgefield
64984,2023/10/dehd-at-music-farm-photos-review
65037,what-if-robert-hunter-and-john-mayer-wrote-a-song-together
64126,grateful-dead-ship-of-fools-meaning
20627,jerry-garcia-tiger-guitar
65073,green-day-boulevard-of-broken-dreams-meaning
65109,tyler-childers-house-fire-meaning
65121,ketchuptown-sc-history
65127,fleetwood-mac-never-going-back-again-meaning
65135,band-of-horses-is-there-a-ghost-meaning
65145,lil-wayne-how-to-love-meaning
65106,boogieman-festival-2023-costume-contest
65184,dont-bogart-that-joint-meaning
65204,edgar-allan-poe-charleston-sc
65215,green-day-when-i-come-around-meaning
65239,ice-cold-fatty-meaning
64952,live-music-photographers-and-videographers-in-charleston-sc
16687,how-to-get-on-spotify-playlists
65363,neil-young-after-the-gold-rush-meaning
65400,high-water-2024-lineup-announce
65465,duplex-supernova-premiere-interview-2023
65370,bearcat-restaurant-grand-opening-october-2023
65588,red-hot-chili-peppers-by-the-way-meaning
66702,bob-dylan-positively-4th-street-meaning
66719,noah-kahan-orange-juice-meaning
66744,mac-demarco-preoccupied-meaning
66752,grateful-dead-south-carolina-10-31-85-review
66842,tyler-childers-nose-on-the-grindstone-meaning
66854,honey-slides-neil-young
66878,green-day-meaning
66886,boogieman-halloween-festival-2023-photo-gallery
67630,extra-chill-pils
67652,my-morning-jacket-i-will-sing-you-songs-meaning
66737,phish-dirt-meaning
67671,frankie-and-the-witch-fingers-kexp-2023
67678,south-carolina-state-flag-history
66868,neil-young-powderfinger-meaning
67703,noah-kahan-stick-season-meaning
67723,2023/11/mt-joy-announces-2024-tour-dates
67748,bill-graham-lsd-story-grateful-dead
67798,mt-joy-sheep-meaning
67885,in-the-press
67909,she-returns-from-war-ruthless-album-review
67921,new-years-eve-charleston-sc-2023
67996,grateful-dead-truckin-meaning
68003,jay-z-can-i-live-meaning
68034,rappers-real-names
68072,phish-lonely-trip-meaning
68087,sullivans-island-lighthouse-history
68098,bob-dylan-tangled-up-in-blue-meaning
68141,2023/11/premiere-argot-nancy-video
68223,ol-dirty-bastard-biography
68236,jimi-hendrix-biography
68252,weezer-say-it-aint-so-meaning
68267,ron-pigpen-mckernan-biography
68288,biggie-ten-crack-commandments-meaning
68311,50-cent-shot-9-times-story
68334,how-to-gain-a-following-in-your-local-music-scene.html
68357,jam-master-jay-biography
68373,bo-diddley-biography
68466,2023/11/extra-chill-presents-chris-gardners-birthday-bash-at-the-royal-american
68577,andre-3000-new-blue-sun-album-review
68611,2023/11/premiere-brother-oliver-washed-up
68618,2023/11/runaway-gin-a-tribute-to-phish-announces-10-year-anniversary-tour
68265,weezer-hash-pipe-meaning
68642,bradley-nowell-biography
68654,grateful-dead-scarlet-fire
68715,2023/12/neal-francis-psycodelics-chs-music-hall-photos-review
68831,green-day-basket-case-meaning
68871,sublime-garden-grove-meaning
68907,1770-records-cofc-boat-show-2023-photos-review
69022,grateful-dead-china-rider
69045,2023/12/tyrie-mona-lisa-album-release-gxldapproved-video-interview
68869,2023/12/nug-live-at-home-concert-movie-interview
69185,how-do-radio-stations-make-money
69190,why-do-stores-play-music
69194,why-does-music-sound-faster-at-night
69199,what-is-wook-flu
69207,what-is-a-spunion
69217,what-is-a-custie
69227,what-is-a-trustafarian
69270,2023/12/runaway-gin-fattys-beer-works-runaway-kolsch-collab
69290,grateful-dead-black-muddy-river-meaning
69295,healthy-food-charleston-sc
69363,why-is-music-theory-important
69494,why-do-i-yawn-when-i-sing
69504,how-to-write-a-diss-track
69515,does-smoking-weed-make-your-voice-deeper
69521,what-is-a-click-track
69527,tone-deaf-meaning
69532,why-do-people-like-country-music
69578,stop-light-observations-holiday-family-jam-at-the-windjammer-photos-recap
69698,how-to-get-out-of-jury-duty-in-sc
69704,ep-vs-lp
69719,four-elements-of-hip-hop
69738,difference-between-mixing-and-mastering
69744,why-does-music-give-me-chills
69770,difference-between-chorus-and-refrain
69785,happiest-key-in-music
69713,big-ups-2023-in-review
69881,can-you-be-addicted-to-music
69888,why-does-my-throat-hurt-when-i-sing
69896,does-listening-to-classical-music-make-you-smarter
69902,what-is-tone-color-in-music
69886,what-is-a-type-beat
69709,grateful-dead-so-many-roads-meaning
69931,what-is-jamming-in-music
24522,prince-purple-rain-meaning
69942,new-years-eve-songs
69960,nickelback-photograph-meaning
69981,going-to-a-concert-alone
69986,what-is-a-music-connoisseur
69991,what-is-a-self-titled-album
70003,what-is-mood-in-music
70010,saddest-key-in-music
70016,why-do-people-hate-country-music
70022,why-does-music-sound-slower-sometimes
70056,noah-kahan-growing-sideways-meaning
70084,why-does-loud-music-sound-better
70091,new-years-eve-2023-at-lofi-brewing-photo-gallery
70098,how-do-vinyl-records-work
70103,why-do-i-cry-when-i-sing
70109,is-rapping-singing
70116,how-many-songs-make-are-in-an-album
70121,what-does-it-mean-to-own-your-masters
70125,green-day-burnout-meaning
70137,the-who-squeeze-box-meaning
70144,led-zeppelin-the-ocean-meaning
70230,andy-greenberg-runaway-gin-10th-anniversary-interview
70890,jerry-garcia-run-for-the-roses-meaning
71038,my-morning-jacket-phone-went-west-meaning
71066,2024/01/2-slices-and-zack-mexico-at-charleston-pour-house-photo-gallery
71168,tyler-childers-in-your-love-meaning
71197,2024/01/extra-chill-presents-death-kings-wolf-mask-at-charleston-pour-house
71239,50-cent-in-da-club-meaning
71391,does-music-sound-better-on-vinyl
71399,bob-dylan-lay-lady-lay-meaning
71412,past-extra-chill-events
71430,cyndi-lauper-girls-just-want-to-have-fun-meaning
71442,how-to-put-music-on-spotify
71448,how-does-spotify-count-streams
71454,does-spotify-count-your-own-streams
71463,how-does-spotify-make-money
71470,smashing-pumpkins-1979-meaning
24996,kacey-musgraves-slow-burn-meaning
71500,how-to-find-good-spotify-playlists
71505,what-does-a-music-producer-do
71511,why-does-music-sound-better-at-night
71515,why-does-music-sound-better-in-the-car
71520,what-is-a-wook-trap
71610,green-day-good-riddance-meaning
71624,pinegrove-old-friends-meaning
71633,colter-wall-thirteen-silver-dollars-meaning
71658,how-do-music-royalties-work
71676,what-is-good-music-taste
71684,why-are-songs-greyed-out-on-spotify
71689,what-is-spotify-taste-profile
71696,2024/01/jtrawwww-sensei-hendrix-act-2-album-review
71715,2024/01/heartbreak-hutch-bluflame-james-live-from-the-woods-album-review
71681,can-music-get-you-high
71782,grateful-dead-songs-that-are-covers
71833,2024/01/runaway-gin-10th-anniversary-weekend-at-charleston-pour-house-photos-recap
72005,2024/01/extra-chill-presents-persona-la-ave-band-with-strxct-the-homies-at-the-royal-american
72039,2024/01/kuntry-synkronic-album-review
72052,2024/01/black-benji-chosen-album-review
72127,2024/01/andre-3000-announces-new-blue-sun-tour
72144,bass-players-discuss-best-bbq-in-charleston-sc
72217,2024/01/kelly-morris-voice-of-the-carolinas
72324,2024/01/the-ice-box-episode-one-slim-s-o-u-l-video-interview
72340,2024/02/the-thing-band-the-thing-is-interview
72386,2024/02/elizabeth-moen-with-she-returns-from-war-at-charleston-pour-house-photos-recap
72576,2024/02/extra-chill-presents-first-cut-deepest-90s-tribute-music-farm
72591,2024/02/queens-of-90s-hip-hop-tribute-music-farm
72343,introducing-extra-chill-community
72693,2024/02/hannah-wicklund-high-divers-music-farm-photos-review
72826,jerry-garcia-mission-in-the-rain-meaning
72869,2024/02/drew-ellie-holcomb-charleston-music-hall-photo-gallery
72755,2024/02/ryan-stasik-death-kings-interview
73072,mosquito-beach-sunset-jamz-interview-2024
73352,2024/03/introducing-chemical-therapy-formerly-heyrocco
73377,on-tour-with-baby-yaga-january-2024
73568,2024/03/extra-chill-at-sxsw-2024-promo
76925,extra-chill-presents-twen-with-mantra-at-charleston-pour-house-june-9-2024
77221,2024/03/easy-honey-tours-hawaii-photos-recap
77250,new-music-from-best-bands-sxsw-2024
78553,michael-travis-snakes-and-stars-interview
78649,what-would-happen-if-a-ship-hit-the-ravenel-bridge
78647,sxsw-2024-review
78672,sheryl-crow-if-it-makes-you-happy-meaning
79007,2024/04/meet-jerkweed-south-carolinas-number-one-mediocre-emo-band
79034,cultura-festival-2024-interview-with-founder-matt-monday
79061,2024/04/the-zombies-at-charleston-music-hall-photos-recap
79399,duke-deuce-self-proclaimed-king-of-crunk
79457,2024/04/first-cut-is-the-deepest-a-90s-tribute-show-music-farm-photos-recap
79475,2024/04/premiere-erode-the-dream-the-waiting
79587,2024/04/rap-beef-the-big-picture-cole-vs-kendrick-vs-drake
79614,why-you-should-never-buy-spotify-growth-services
79272,seo-for-musicians
79666,persona-la-ave-interview-2024
79611,2024/04/cultura-festival-2024-photos-recap
79785,how-high-water-festival-could-do-more-for-charleston-sc
79775,high-water-festival-2024-review
80159,2024/05/gxldapproved-aidey-you-snooze-you-lose
80412,2024/05/premiere-dan-rincon-spotlight-city
80453,2024/05/persona-la-ave-with-strxct-the-homies-at-the-royal-american-photos
80495,premiere-cannon-rogers-abels-blues-ear-bonez-session
80531,grateful-dead-must-have-been-the-roses-meaning
80573,grateful-dead-scarlet-begonias-meaning
80589,grateful-dead-ramble-on-rose-meaning
80624,daniel-donato-interview-2024
80646,2024/05/premiere-conor-donohue-feel-that-hit-video
80707,2024/05/train_songz-billy-strings-fan-culture-lot-zines-made-with-love
80746,2024/05/premiere-godwin-falcon-we-should-already-be-dead
80901,bob-marley-talkin-blues-meaning
80890,lofi-brewing-open-mic
81022,gullah-gala-2024-iaam-interview-photos
81089,2024/05/how-to-get-your-developing-band-out-of-town-hound-goes-to-chicago
81179,the-watts-prophets-rappin-for-life
81291,2024/06/pixies-and-modest-mouse-firefly-distillery-photos-recap
81382,2024/06/rose-moon-at-lo-fi-brewing-mini-festival-with-local-roots
81397,why-does-music-sound-better-in-the-morning
81403,is-music-a-universal-language
80579,wu-tang-rage-against-the-machine-tour-summer-1997
81480,why-is-music-important
81501,why-is-music-so-powerful
81513,does-music-have-healing-powers
81518,why-is-music-beautiful
81534,maggie-rogers-japanese-house-credit-one-stadium-summer-2024
81049,timeline-of-phish-festivals
81643,why-is-charleston-sc-so-expensive
81647,is-charleston-sc-good-for-retirees
81650,wits-end-the-new-home-for-comedy-in-charleston
81719,wilderado-sold-out-windjammer-june-2024
80872,bob-marley-rebel-music-meaning
81837,t-pain-in-t-rain-sold-out-at-firefly-distillery-photos-recap
